"Status","Start Time","Stop Time","Duration in ms","Parent Suite","Suite","Sub Suite","Test Class","Test Method","Name","Description"
"passed","Sun Jan 01 14:47:39 UTC 2023","Sun Jan 01 14:47:44 UTC 2023","4904","","Main page","","","","Check subdirect page",""
"passed","Sun Jan 01 14:48:20 UTC 2023","Sun Jan 01 14:48:28 UTC 2023","7711","","Sign Up page","","","","Incorrect Password Sign Up",""
"passed","Sun Jan 01 14:47:23 UTC 2023","Sun Jan 01 14:47:28 UTC 2023","4980","","Main page","","","","Check elements product blocks",""
"passed","Sun Jan 01 14:47:33 UTC 2023","Sun Jan 01 14:47:36 UTC 2023","3192","","Main page","","","","Check bottom resources menu",""
"passed","Sun Jan 01 14:47:20 UTC 2023","Sun Jan 01 14:47:23 UTC 2023","3399","","Main page","","","","Assert main menu",""
"passed","Sun Jan 01 14:45:49 UTC 2023","Sun Jan 01 14:46:02 UTC 2023","12810","","Blog page","","","","Negative search",""
"passed","Sun Jan 01 14:47:55 UTC 2023","Sun Jan 01 14:48:05 UTC 2023","10031","","Sign Up page","","","","Success Sign Up",""
"passed","Sun Jan 01 14:48:05 UTC 2023","Sun Jan 01 14:48:13 UTC 2023","7938","","Sign Up page","","","","Incorrect Email Sign Up",""
"passed","Sun Jan 01 14:48:13 UTC 2023","Sun Jan 01 14:48:20 UTC 2023","6616","","Sign Up page","","","","Incorrect Full Name Sign Up",""
"passed","Sun Jan 01 14:46:17 UTC 2023","Sun Jan 01 14:46:38 UTC 2023","21773","","Login page","","","","Success Login",""
"passed","Sun Jan 01 14:46:39 UTC 2023","Sun Jan 01 14:46:52 UTC 2023","12960","","Login page","","","","Incorrect Email Login",""
"passed","Sun Jan 01 14:46:02 UTC 2023","Sun Jan 01 14:46:08 UTC 2023","6091","","Blog page","","","","Positive search",""
"passed","Sun Jan 01 14:47:36 UTC 2023","Sun Jan 01 14:47:39 UTC 2023","2542","","Main page","","","","Check bottom pricing menu",""
"passed","Sun Jan 01 14:47:29 UTC 2023","Sun Jan 01 14:47:33 UTC 2023","4613","","Main page","","","","Check bottom product menu",""
"passed","Sun Jan 01 14:46:52 UTC 2023","Sun Jan 01 14:47:03 UTC 2023","11856","","Login page","","","","Incorrect Password Login",""
